{"entries":[{"herre":"1","tid_sondag":"07.00 - 23.15","pissoir_only":"NULL","stellerom":"NULL","latitude":"60.388076","tid_hverdag":"07.00 - 23.15","plassering":"NONNESETER TERMINAL, SØR","tid_lordag":"07.00 - 23.15","rullestol":"1","adresse":"Lungegårdskaien","pris":"12","id":"1","place":"NONNESETER TERMINAL, SOUTH","dame":"1","longitude":"5.334937"},{"herre":"1","tid_sondag":"NULL","pissoir_only":"NULL","stellerom":"NULL","latitude":"60.388871","tid_hverdag":"05.30 - 23.50","plassering":"NONNESETER TERMINAL , NORD","tid_lordag":"07.00 - 23.15","rullestol":"1","adresse":"Østre Strømkai","pris":"12","id":"2","place":"NONNESETER TERMINAL , NORTH","dame":"1","longitude":"5.334079"},{"herre":"1","tid_sondag":"NULL","pissoir_only":"NULL","stellerom":"NULL","latitude":"60.388868","tid_hverdag":"09.00 - 17.00","plassering":"SKYSS KUNDESENTER","tid_lordag":"09.00 - 15.00","rullestol":"1","adresse":"Østre Strømkai","pris":"12","id":"3","place":"SKYSS CUSTOMER CENTRE","dame":"1","longitude":"5.334079"},{"herre":"1","tid_sondag":"07.00 - 23.00","pissoir_only":"NULL","stellerom":"NULL","latitude":"60.39041","tid_hverdag":"07.00 - 23.00","plassering":"JERNBANESTASJONEN","tid_lordag":"07.00 - 23.00","rullestol":"NULL","adresse":"Strømgaten 4","pris":"10","id":"4","place":"RAILWAY STATION","dame":"1","longitude":"5.332995"},{"herre":"1","tid_sondag":"08.30 - 22.00","pissoir_only":"NULL","stellerom":"1","latitude":"60.394554","tid_hverdag":"09.00 - 23.00","plassering":"MATHALLEN","tid_lordag":"08.30 - 22.00","rullestol":"1","adresse":"Strandkaien 3","pris":"10","id":"5","place":"FISH MARKET","dame":"1","longitude":"5.324099"},{"herre":"1","tid_sondag":"08.00 - 18.00","pissoir_only":"NULL","stellerom":"","latitude":"60.395432","tid_hverdag":"08.00 - 18.00","plassering":"STRANDKAITERMINALEN","tid_lordag":"08.00 - 18.00","rullestol":"","adresse":"Strandkaien","pris":"10","id":"6","place":"STRANDKAI BOAT TERMINAL","dame":"1","longitude":"5.321034"},{"herre":"1","tid_sondag":"NULL","pissoir_only":"NULL","stellerom":"NULL","latitude":"60.3913929","tid_hverdag":"08.00 - 15.00","plassering":"BERGEN KOMMUNE, INNBYGGERSERVICE","tid_lordag":"NULL","rullestol":"1","adresse":"Kaigaten 4","pris":"0","id":"7","place":"CITIZEN SERVICE CENTRE","dame":"1","longitude":"5.326855"},{"herre":"1","tid_sondag":"NULL","pissoir_only":"NULL","stellerom":"1","latitude":"60.3891794","tid_hverdag":"09.00 - 21.00","plassering":"BERGEN STORSENTER","tid_lordag":"09.00 - 18.00","rullestol":"1","adresse":"Strømgaten 8","pris":"10","id":"8","place":"BERGEN STORSENTER","dame":"1","longitude":"5.3305793"},{"herre":"1","tid_sondag":"NULL","pissoir_only":"NULL","stellerom":"1","latitude":"60.392209","tid_hverdag":"09.00 - 21.00","plassering":"SUNDT MOTEHUS","tid_lordag":"09.00 - 18.00","rullestol":"1","adresse":"Torgallmenningen 14","pris":"10","id":"9","place":"SUNDT FASHION HOUSE","dame":"1","longitude":"5.324011"},{"herre":"1","tid_sondag":"NULL","pissoir_only":"NULL","stellerom":"1","latitude":"60.3928444","tid_hverdag":"09.00 - 20.00","plassering":"XHIBITION","tid_lordag":"09.00 - 18.00","rullestol":"1","adresse":"Småstrandgaten 3","pris":"10","id":"10","place":"XHIBITION","dame":"1","longitude":"5.3239541"},{"herre":"1","tid_sondag":"NULL","pissoir_only":"NULL","stellerom":"1","latitude":"60.3947371","tid_hverdag":"09.00 - 21.00","plassering":"GALLERIET","tid_lordag":"09.00 - 18.00","rullestol":"1","adresse":"Torgallmenningen 8","pris":"10","id":"11","place":"GALLERIET","dame":"1","longitude":"5.3243561"},{"herre":"1","tid_sondag":"NULL","pissoir_only":"NULL","stellerom":"1","latitude":"60.3944194","tid_hverdag":"10.00 - 20.00","plassering":"KLØVERHUSET","tid_lordag":"10.00 - 18.00","rullestol":"1","adresse":"Strandgaten 13 -15","pris":"10","id":"12","place":"KLØVERHUSET","dame":"1","longitude":"5.3205649"},{"herre":"1","tid_sondag":"09.00 - 18.00","pissoir_only":"NULL","stellerom":"NULL","latitude":"60.3974108","tid_hverdag":"09.00 - 18.00","plassering":"BRYGGEN BESØKSSENTER","tid_lordag":"09.00 - 18.00","rullestol":"1","adresse":"Jacobsfjorden, Bryggen","pris":"10","id":"13","place":"BRYGGEN VISITOR CENTRE","dame":"1","longitude":"5.3222145"},{"herre":"NULL","tid_sondag":"ALL","pissoir_only":"1","stellerom":"NULL","latitude":"60.397359","tid_hverdag":"ALL","plassering":"C. SUNDTSGT","tid_lordag":"ALL","rullestol":"NULL","adresse":"C. Sundts gt","pris":"NULL","id":"14","place":"C. SUNDTSGT","dame":"NULL","longitude":"5.313963"},{"herre":"NULL","tid_sondag":"ALL","pissoir_only":"1","stellerom":"NULL","latitude":"60.397557","tid_hverdag":"ALL","plassering":"NORDNES SKOLE","tid_lordag":"ALL","rullestol":"NULL","adresse":"Nordnesparken 3","pris":"NULL","id":"15","place":"NORDNES SKOLE","dame":"NULL","longitude":"5.307858"}],"page":1,"pages":1,"posts":15}